{
  "Delete Product Instance" : {
    "transaction" : "Delete Product Instance",
    "sampleCount" : 180,
    "errorCount" : 0,
    "errorPct" : 0.0,
    "meanResTime" : 1398.3444444444444,
    "medianResTime" : 1586.5,
    "minResTime" : 900.0,
    "maxResTime" : 3134.0,
    "pct1ResTime" : 1800.4,
    "pct2ResTime" : 1888.55,
    "pct3ResTime" : 2925.8299999999995,
    "throughput" : 0.20647482096912398,
    "receivedKBytesPerSec" : 0.15949373377595416,
    "sentKBytesPerSec" : 0.43512955434704054
  },
  "Delete Costing " : {
    "transaction" : "Delete Costing ",
    "sampleCount" : 182,
    "errorCount" : 0,
    "errorPct" : 0.0,
    "meanResTime" : 1491.2527472527472,
    "medianResTime" : 1285.0,
    "minResTime" : 1020.0,
    "maxResTime" : 6379.0,
    "pct1ResTime" : 1952.0000000000002,
    "pct2ResTime" : 2076.95,
    "pct3ResTime" : 3095.5199999999504,
    "throughput" : 0.20533046923653167,
    "receivedKBytesPerSec" : 0.28152732305477585,
    "sentKBytesPerSec" : 0.4285070437094416
  },
  "Create Agreement Intercab PA-PO Proceed" : {
    "transaction" : "Create Agreement Intercab PA-PO Proceed",
    "sampleCount" : 26,
    "errorCount" : 0,
    "errorPct" : 0.0,
    "meanResTime" : 1415.8076923076924,
    "medianResTime" : 1241.0,
    "minResTime" : 1021.0,
    "maxResTime" : 2032.0,
    "pct1ResTime" : 1950.9,
    "pct2ResTime" : 2011.6999999999998,
    "pct3ResTime" : 2032.0,
    "throughput" : 0.0298402285302425,
    "receivedKBytesPerSec" : 0.023050410905685367,
    "sentKBytesPerSec" : 0.06405158428659473
  },
  "Create Aggrement Freight Calculation_PA-PO" : {
    "transaction" : "Create Aggrement Freight Calculation_PA-PO",
    "sampleCount" : 26,
    "errorCount" : 0,
    "errorPct" : 0.0,
    "meanResTime" : 1428.6153846153848,
    "medianResTime" : 1298.0,
    "minResTime" : 1012.0,
    "maxResTime" : 1871.0,
    "pct1ResTime" : 1848.7,
    "pct2ResTime" : 1865.4,
    "pct3ResTime" : 1871.0,
    "throughput" : 0.02984125599551004,
    "receivedKBytesPerSec" : 0.022380941996632528,
    "sentKBytesPerSec" : 0.06309210862331956
  },
  "Costing Get Exception" : {
    "transaction" : "Costing Get Exception",
    "sampleCount" : 183,
    "errorCount" : 0,
    "errorPct" : 0.0,
    "meanResTime" : 1403.7923497267766,
    "medianResTime" : 1183.0,
    "minResTime" : 1026.0,
    "maxResTime" : 2634.0,
    "pct1ResTime" : 1902.6,
    "pct2ResTime" : 1955.3999999999999,
    "pct3ResTime" : 2542.4399999999996,
    "throughput" : 0.20536553943803906,
    "receivedKBytesPerSec" : 0.24146495066738188,
    "sentKBytesPerSec" : 0.4271763662138899
  },
  "Create Product Single Instance" : {
    "transaction" : "Create Product Single Instance",
    "sampleCount" : 180,
    "errorCount" : 0,
    "errorPct" : 0.0,
    "meanResTime" : 3768.688888888889,
    "medianResTime" : 3770.5,
    "minResTime" : 2327.0,
    "maxResTime" : 9176.0,
    "pct1ResTime" : 4335.0,
    "pct2ResTime" : 5943.849999999998,
    "pct3ResTime" : 8915.179999999998,
    "throughput" : 0.2059230328344276,
    "receivedKBytesPerSec" : 211.62125563285295,
    "sentKBytesPerSec" : 0.7675861487587988
  },
  "Create Agreement Intercab PO-PA Closed Won" : {
    "transaction" : "Create Agreement Intercab PO-PA Closed Won",
    "sampleCount" : 25,
    "errorCount" : 0,
    "errorPct" : 0.0,
    "meanResTime" : 1507.0800000000002,
    "medianResTime" : 1699.0,
    "minResTime" : 1073.0,
    "maxResTime" : 1949.0,
    "pct1ResTime" : 1900.4,
    "pct2ResTime" : 1947.2,
    "pct3ResTime" : 1949.0,
    "throughput" : 0.029973359677918268,
    "receivedKBytesPerSec" : 0.023153249516829445,
    "sentKBytesPerSec" : 0.06471786938269267
  },
  "Create Aggrement Characteristics_PO-PO" : {
    "transaction" : "Create Aggrement Characteristics_PO-PO",
    "sampleCount" : 26,
    "errorCount" : 0,
    "errorPct" : 0.0,
    "meanResTime" : 1986.5,
    "medianResTime" : 1993.5,
    "minResTime" : 1217.0,
    "maxResTime" : 6902.0,
    "pct1ResTime" : 2309.3,
    "pct2ResTime" : 5304.599999999993,
    "pct3ResTime" : 6902.0,
    "throughput" : 0.02992023954604092,
    "receivedKBytesPerSec" : 0.06758350983397719,
    "sentKBytesPerSec" : 0.06995024753244332
  },
  "Create Costing" : {
    "transaction" : "Create Costing",
    "sampleCount" : 185,
    "errorCount" : 0,
    "errorPct" : 0.0,
    "meanResTime" : 1544.254054054054,
    "medianResTime" : 1232.0,
    "minResTime" : 1051.0,
    "maxResTime" : 14060.0,
    "pct1ResTime" : 1980.4000000000003,
    "pct2ResTime" : 2251.9999999999986,
    "pct3ResTime" : 4586.23999999985,
    "throughput" : 0.20544324658075808,
    "receivedKBytesPerSec" : 0.2915127317205483,
    "sentKBytesPerSec" : 0.5388872659335119
  },
  "Costing Create Exception" : {
    "transaction" : "Costing Create Exception",
    "sampleCount" : 183,
    "errorCount" : 0,
    "errorPct" : 0.0,
    "meanResTime" : 1411.245901639345,
    "medianResTime" : 1200.0,
    "minResTime" : 1041.0,
    "maxResTime" : 2382.0,
    "pct1ResTime" : 1876.3999999999999,
    "pct2ResTime" : 1972.9999999999995,
    "pct3ResTime" : 2360.16,
    "throughput" : 0.20549098871483915,
    "receivedKBytesPerSec" : 0.1645533308068048,
    "sentKBytesPerSec" : 0.5677089912834765
  },
  "Create Aggrement Freight Calculation_PA-PA" : {
    "transaction" : "Create Aggrement Freight Calculation_PA-PA",
    "sampleCount" : 26,
    "errorCount" : 0,
    "errorPct" : 0.0,
    "meanResTime" : 1429.3846153846155,
    "medianResTime" : 1231.0,
    "minResTime" : 1041.0,
    "maxResTime" : 2144.0,
    "pct1ResTime" : 1946.7,
    "pct2ResTime" : 2077.1499999999996,
    "pct3ResTime" : 2144.0,
    "throughput" : 0.029896947521658036,
    "receivedKBytesPerSec" : 0.02242271064124353,
    "sentKBytesPerSec" : 0.06320985486756803
  },
  "Costing Edit Group Copy" : {
    "transaction" : "Costing Edit Group Copy",
    "sampleCount" : 183,
    "errorCount" : 0,
    "errorPct" : 0.0,
    "meanResTime" : 1548.398907103825,
    "medianResTime" : 1265.0,
    "minResTime" : 1033.0,
    "maxResTime" : 13427.0,
    "pct1ResTime" : 1954.6,
    "pct2ResTime" : 2113.2,
    "pct3ResTime" : 7755.319999999977,
    "throughput" : 0.2054789906153366,
    "receivedKBytesPerSec" : 0.16354040756982355,
    "sentKBytesPerSec" : 0.44868263966395766
  },
  "Create Agreement Characteristics Intercab PO-PA" : {
    "transaction" : "Create Agreement Characteristics Intercab PO-PA",
    "sampleCount" : 26,
    "errorCount" : 0,
    "errorPct" : 0.0,
    "meanResTime" : 1703.9615384615383,
    "medianResTime" : 1918.0,
    "minResTime" : 1211.0,
    "maxResTime" : 2453.0,
    "pct1ResTime" : 2177.4,
    "pct2ResTime" : 2380.5499999999997,
    "pct3ResTime" : 2453.0,
    "throughput" : 0.02994467146088535,
    "receivedKBytesPerSec" : 0.06743399647343908,
    "sentKBytesPerSec" : 0.06924705275329737
  },
  "Create Agreement Characteristics Intercab PA-PA" : {
    "transaction" : "Create Agreement Characteristics Intercab PA-PA",
    "sampleCount" : 26,
    "errorCount" : 0,
    "errorPct" : 0.0,
    "meanResTime" : 1664.1538461538462,
    "medianResTime" : 1756.0,
    "minResTime" : 1206.0,
    "maxResTime" : 2436.0,
    "pct1ResTime" : 2148.7000000000003,
    "pct2ResTime" : 2406.25,
    "pct3ResTime" : 2436.0,
    "throughput" : 0.029858082238345587,
    "receivedKBytesPerSec" : 0.04878180818823454,
    "sentKBytesPerSec" : 0.0688135489086871
  },
  "Create Product" : {
    "transaction" : "Create Product",
    "sampleCount" : 182,
    "errorCount" : 0,
    "errorPct" : 0.0,
    "meanResTime" : 1441.6648351648353,
    "medianResTime" : 1337.0,
    "minResTime" : 978.0,
    "maxResTime" : 2262.0,
    "pct1ResTime" : 1834.7,
    "pct2ResTime" : 1941.05,
    "pct3ResTime" : 2242.08,
    "throughput" : 0.2053205086984823,
    "receivedKBytesPerSec" : 0.7302512623826881,
    "sentKBytesPerSec" : 1.0063512042555496
  },
  "Create Aggrement Freight Calculation_PO-PA" : {
    "transaction" : "Create Aggrement Freight Calculation_PO-PA",
    "sampleCount" : 25,