{
  "Create Agreement Intercab PA-PO Proceed" : {
    "transaction" : "Create Agreement Intercab PA-PO Proceed",
    "sampleCount" : 17,
    "errorCount" : 0,
    "errorPct" : 0.0,
    "meanResTime" : 1863.823529411765,
    "medianResTime" : 1879.0,
    "minResTime" : 1166.0,
    "maxResTime" : 2797.0,
    "pct1ResTime" : 2228.9999999999995,
    "pct2ResTime" : 2797.0,
    "pct3ResTime" : 2797.0,
    "throughput" : 0.01995820517034915,
    "receivedKBytesPerSec" : 0.015416933876705253,
    "sentKBytesPerSec" : 0.04299589902909202
  },
  "Costing Delete" : {
    "transaction" : "Costing Delete",
    "sampleCount" : 17,
    "errorCount" : 0,
    "errorPct" : 0.0,
    "meanResTime" : 1889.1176470588236,
    "medianResTime" : 1914.0,
    "minResTime" : 1190.0,
    "maxResTime" : 2964.0,
    "pct1ResTime" : 2387.9999999999995,
    "pct2ResTime" : 2964.0,
    "pct3ResTime" : 2964.0,
    "throughput" : 0.01996218926503916,
    "receivedKBytesPerSec" : 0.027370032937612285,
    "sentKBytesPerSec" : 0.041815328099129884
  },
  "Product Delete Instance" : {
    "transaction" : "Product Delete Instance",
    "sampleCount" : 17,
    "errorCount" : 0,
    "errorPct" : 0.0,
    "meanResTime" : 1837.4705882352944,
    "medianResTime" : 1821.0,
    "minResTime" : 1072.0,
    "maxResTime" : 2888.0,
    "pct1ResTime" : 2443.9999999999995,
    "pct2ResTime" : 2888.0,
    "pct3ResTime" : 2888.0,
    "throughput" : 0.019971616808112706,
    "receivedKBytesPerSec" : 0.015427293842985499,
    "sentKBytesPerSec" : 0.04224465039684778
  },
  "Costing Get Exception" : {
    "transaction" : "Costing Get Exception",
    "sampleCount" : 17,
    "errorCount" : 0,
    "errorPct" : 0.0,
    "meanResTime" : 1864.1176470588236,
    "medianResTime" : 1911.0,
    "minResTime" : 1161.0,
    "maxResTime" : 3168.0,
    "pct1ResTime" : 2450.399999999999,
    "pct2ResTime" : 3168.0,
    "pct3ResTime" : 3168.0,
    "throughput" : 0.019953824502592234,
    "receivedKBytesPerSec" : 0.02346133271593853,
    "sentKBytesPerSec" : 0.04166140311185762
  },
  "Create Agreement Intercab PO-PA Closed Won" : {
    "transaction" : "Create Agreement Intercab PO-PA Closed Won",
    "sampleCount" : 16,
    "errorCount" : 0,
    "errorPct" : 0.0,
    "meanResTime" : 1686.0625,
    "medianResTime" : 1864.5,
    "minResTime" : 1125.0,
    "maxResTime" : 2043.0,
    "pct1ResTime" : 2039.5,
    "pct2ResTime" : 2043.0,
    "pct3ResTime" : 2043.0,
    "throughput" : 0.020080069276239003,
    "receivedKBytesPerSec" : 0.015511069138188527,
    "sentKBytesPerSec" : 0.043513353246068705
  },
  "Costing Create Exception" : {
    "transaction" : "Costing Create Exception",
    "sampleCount" : 17,
    "errorCount" : 0,
    "errorPct" : 0.0,
    "meanResTime" : 1922.2941176470588,
    "medianResTime" : 1882.0,
    "minResTime" : 1179.0,
    "maxResTime" : 3019.0,
    "pct1ResTime" : 2928.6,
    "pct2ResTime" : 3019.0,
    "pct3ResTime" : 3019.0,
    "throughput" : 0.019947526272065485,
    "receivedKBytesPerSec" : 0.015973605022552437,
    "sentKBytesPerSec" : 0.05526477737680643
  },
  "Costing Edit Group Copy" : {
    "transaction" : "Costing Edit Group Copy",
    "sampleCount" : 17,
    "errorCount" : 0,
    "errorPct" : 0.0,
    "meanResTime" : 1842.8823529411766,
    "medianResTime" : 1905.0,
    "minResTime" : 1102.0,
    "maxResTime" : 2239.0,
    "pct1ResTime" : 2117.4,
    "pct2ResTime" : 2239.0,
    "pct3ResTime" : 2239.0,
    "throughput" : 0.019945490148687763,
    "receivedKBytesPerSec" : 0.015874584444512233,
    "sentKBytesPerSec" : 0.043708671771147796
  },
  "Product Delete" : {
    "transaction" : "Product Delete",
    "sampleCount" : 17,
    "errorCount" : 0,
    "errorPct" : 0.0,
    "meanResTime" : 1880.1176470588236,
    "medianResTime" : 1869.0,
    "minResTime" : 1078.0,
    "maxResTime" : 3215.0,
    "pct1ResTime" : 2405.399999999999,
    "pct2ResTime" : 3215.0,
    "pct3ResTime" : 3215.0,
    "throughput" : 0.019972907338633595,
    "receivedKBytesPerSec" : 0.016052444081733837,
    "sentKBytesPerSec" : 0.04183777953258697
  },
  "Create Agreement Intercab PA-PO Closed Won" : {
    "transaction" : "Create Agreement Intercab PA-PO Closed Won",
    "sampleCount" : 17,
    "errorCount" : 0,
    "errorPct" : 0.0,
    "meanResTime" : 1922.3529411764705,
    "medianResTime" : 1874.0,
    "minResTime" : 1126.0,
    "maxResTime" : 3653.0,
    "pct1ResTime" : 2988.9999999999995,
    "pct2ResTime" : 3653.0,
    "pct3ResTime" : 3653.0,
    "throughput" : 0.01997659213439311,
    "receivedKBytesPerSec" : 0.01543113708818843,
    "sentKBytesPerSec" : 0.043308627478860065
  },
  "Create Agreement Intercab PO-PO" : {
    "transaction" : "Create Agreement Intercab PO-PO",
    "sampleCount" : 17,
    "errorCount" : 0,
    "errorPct" : 0.0,
    "meanResTime" : 2429.7647058823527,
    "medianResTime" : 2431.0,
    "minResTime" : 1765.0,
    "maxResTime" : 4655.0,
    "pct1ResTime" : 3703.7999999999993,
    "pct2ResTime" : 4655.0,
    "pct3ResTime" : 4655.0,
    "throughput" : 0.01998481154322715,
    "receivedKBytesPerSec" : 0.09336654142851433,
    "sentKBytesPerSec" : 0.16231804453615253
  },
  "Create Pricing" : {
    "transaction" : "Create Pricing",
    "sampleCount" : 17,
    "errorCount" : 0,
    "errorPct" : 0.0,
    "meanResTime" : 2157.764705882353,
    "medianResTime" : 2133.0,
    "minResTime" : 2017.0,
    "maxResTime" : 2452.0,
    "pct1ResTime" : 2308.7999999999997,
    "pct2ResTime" : 2452.0,
    "pct3ResTime" : 2452.0,
    "throughput" : 0.019968942421316496,
    "receivedKBytesPerSec" : 0.04693871524229375,
    "sentKBytesPerSec" : 0.07997327428693256
  },
  "Create Agreement Intercab PA-PA" : {
    "transaction" : "Create Agreement Intercab PA-PA",
    "sampleCount" : 17,
    "errorCount" : 0,
    "errorPct" : 0.0,
    "meanResTime" : 2507.705882352941,
    "medianResTime" : 2558.0,
    "minResTime" : 1895.0,
    "maxResTime" : 3571.0,
    "pct1ResTime" : 2966.9999999999995,
    "pct2ResTime" : 3571.0,
    "pct3ResTime" : 3571.0,
    "throughput" : 0.01998013739282713,
    "receivedKBytesPerSec" : 0.12267101932490641,
    "sentKBytesPerSec" : 0.21379137247383484
  },
  "Product Get Instance" : {
    "transaction" : "Product Get Instance",
    "sampleCount" : 17,
    "errorCount" : 0,
    "errorPct" : 0.0,
    "meanResTime" : 1173.5294117647059,
    "medianResTime" : 1209.0,
    "minResTime" : 420.0,
    "maxResTime" : 1619.0,
    "pct1ResTime" : 1540.6,
    "pct2ResTime" : 1619.0,
    "pct3ResTime" : 1619.0,
    "throughput" : 0.019967277156377843,
    "receivedKBytesPerSec" : 0.046368174347804124,
    "sentKBytesPerSec" : 0.04291794630975354
  },
  "Create Agreement Intercab PO-PA Proceed" : {
    "transaction" : "Create Agreement Intercab PO-PA Proceed",
    "sampleCount" : 16,
    "errorCount" : 0,
    "errorPct" : 0.0,
    "meanResTime" : 1672.5000000000002,
    "medianResTime" : 1838.0,
    "minResTime" : 1077.0,
    "maxResTime" : 2392.0,
    "pct1ResTime" : 2221.2000000000003,
    "pct2ResTime" : 2392.0,
    "pct3ResTime" : 2392.0,
    "throughput" : 0.0200801952798991,
    "receivedKBytesPerSec" : 0.015511166471093933,
    "sentKBytesPerSec" : 0.04321948280947033
  },
  "Create Costing Instance Group" : {
    "transaction" : "Create Costing Instance Group",
    "sampleCount" : 17,
    "errorCount" : 0,
    "errorPct" : 0.0,
    "meanResTime" : 1929.6470588235295,
    "medianResTime" : 1901.0,
    "minResTime" : 1116.0,
    "maxResTime" : 2928.0,
    "pct1ResTime" : 2583.2,
    "pct2ResTime" : 2928.0,
    "pct3ResTime" : 2928.0,
    "throughput" : 0.019907139051366273,
    "receivedKBytesPerSec" : 0.014735948633726206,
    "sentKBytesPerSec" : 0.04786267221139039
  },
  "Product Create" : {
    "transaction" : "Product Create",
    "sampleCount" : 17,
    "errorCount" : 0,
    "errorPct" : 0.0,
    "meanResTime" : 1932.0,
    "medianResTime" : 1920.0,
    "minResTime" : 1415.0,
    "maxResTime" : 2200.0,
    "pct1ResTime" : 2124.7999999999997,
    "pct2ResTime" : 2200.0,